{
  "gyro_bias": {
    "x": -1.4290076335877857,
    "y": 1.1797709923664121,
    "z": -0.8457251908396948
  },
  "accel_bias": {
    "x": 0.4354334559326169,
    "y": 0.01738190405273438,
    "z": 4.463216970214846
  },
  "accel_scale": {
    "x": 1.0,
    "y": 1.0,
    "z": 1.0
  },
  "timestamp": 1765115220.832071,
  "gravity_magnitude": 14.26987255600269
}