{
  "gyro_bias": {
    "x": -6.236564885496183,
    "y": -0.8428244274809161,
    "z": -0.40061068702290065
  },
  "accel_bias": {
    "x": 0.30949844860839837,
    "y": -0.34512416931152345,
    "z": 0.1316512686767588
  },
  "accel_scale": {
    "x": 1.0,
    "y": 1.0,
    "z": 1.0
  },
  "timestamp": 1765115204.8512142,
  "gravity_magnitude": 9.942464327546901
}