文件,综合稳定性得分,angle_steadiness,angular_velocity_steadiness,consistency,smoothness,low_freq_dominance,high_freq_suppression,local_stability,stability_consistency
benchmark_human1imu_simple_20251020_161706,0.4523673734662059,0.13035537005497005,0.065887462196228,0.2512209948321135,0.08436842850609658,0.5742593181094214,0.9393613167643475,0.19071113704305312,0.9568958807982785
benchmark_1imu_simple_20251020_135538,0.3574836744391797,0.20129912101050376,0.15609070522936827,0.16280395496709793,0.03983228452654282,0.305930985322124,0.49735395655825254,0.23622440101754025,0.9703644428742725
